{"cameraMode":{"drawMode":0,"name":"Shaded","section":"Shading Mode"},"sceneLighting":true,"audioPlay":false,"sceneViewState":{"m_AlwaysRefresh":false,"showFog":true,"showSkybox":true,"showFlares":true,"showImageEffects":true,"showParticleSystems":true,"showVisualEffectGraphs":true,"m_FxEnabled":true},"in2DMode":false,"pivot":{"x":-8.083252906799317,"y":0.39999985694885256,"z":2.647531032562256},"rotation":{"x":0.07375218719244003,"y":-0.9077984690666199,"z":0.18024243414402009,"w":0.3714563846588135},"size":3.0063886642456056,"orthographic":false}